USE X_Credit_Union;


INSERT INTO MEMBERS VALUES
(10001001,'Avipsa','Acharya',871300921,'avipsaacharya@abc.com',6171234567,'1 Mount Vernon St, apt 1. Boston, MA 02125'),
(10001002,'Amira','Kazi',928364191,'amirakazi@abc.com',6171234568,'2 Mount Vernon St, apt 2 Boston, MA 02125'),
(10001003,'Ankit','Nashine',639642992,'ankitnashine@abc.com',6171234569,'3 Mount Vernon St, apt 3 Boston, MA 02125'),
(10001004,'SindiyaDevi','Thangavel',453736927,'sindiyadevithangavel@abc.com',6171234570,'5 Mount Vernon St, apt 3 Boston, MA 02125'),
(10001005,'Salvatore','Albano',872692937,'salvatorealbano@abc.com',6171234571,'87 Mount Vernon St, apt 2 Boston, MA 02125'),
(10001006,'Jamie','Reding',336392948,'jamiereding@abc.com',6171234572,'120 Howell St, Boston, MA 02125'),
(10001007,'Scott','Seely',846489384,'scottseely@abc.com',6171234573,'71 Tirrell St, apt 1L, North Quincy, MA 02171'),
(10001008,'Jeff','Pike',937654829,'jeffpike@abc.com',6171234574,'74 Tirrell St, North Quincy, MA 02171'),
(10001009,'Judy','Lew',374793384,'judylew@abc.com',6171234575,'401 Mount Vernon St, apt 514, Boston, MA 02125'),
(10001010,'Brenda','Diaz',373946597,'brendadiaz@abc.com',6171234576,'12 Newbury St, Boston, 02116'),
(10001011,'Bradd','Sutton',947635936,'braddsutton@abc.com',6171234577,'10 Boston St, Boston, MA 02116'),
(10001012,'Annette ','Hill',345672890,'annettehill@abc.com',6171234578,'67 Boston St, Boston, MA 02116'),
(10001013,'Ryan','Ihrig',123456789,'ryanihrig@abc.com',6171234579,'100 Newbury St, Boston, MA 02116'),
(10001014,'Yan','Li',234567890,'yanli@abc.com',6171234580,'102 Newbury St, Boston, MA 02116'),
(10001015,'Jim','Villatoro',345678901,'jimvillatoro@abc.com',6171234581,'55 Boylston St, Boston, MA 02116'),
(10001016,'Sansa','Stark',456789012,'sansastark@abc.com',6171234582,'74 Bellflower St, Boston, MA 02125'),
(10001017,'Arya','Stark',567890123,'aryastark@abc.com',6171234583,'17 Bellflower St, Boston, MA 02125'),
(10001018,'Lena','Headey',678901345,'lenaheadey@abc.com',6171234584,'78 Moonshine St, Boston, MA 02125'),
(10001019,'Sean ','Bean',789012344,'seanbean@abc.com',6171234585,'15 Allstate St, North Quincy, 02171'),
(10001020,'Lavonia','Mercier',890123456,'lavoniamercier@abc.com',6171234586,'78 Dorset St, Apt 2, Boston MA, 02125'),
(10001021,'Mohammad','Uddin',901235678,'mohammaduddin@abc.com',6171234587,'10 Enterprise St, Boston, MA 02125'),
(10001022,'Julie','Jay',987654323,'juliejay@abc.com',6171234588,'19 St Margaret St, Boston, MA 02125'),
(10001023,'Kathrin','Curtin',876543021,'kathrincurtin@abc.com',6171234589,'98 Mars St, Weymouth MA, 02188'),
(10001024,'Rahul','Raichand',876543245,'rahulraichand@abc.com',6171234590,'50 Adam St, Quincy, MA 02169'),
(10001025,'Anjali','Sharma',678567497,'anjalisharma@abc.com',6171234591,'110 Common St, Quincy, MA 02169'),
(10001026,'Laddoo','Kazi',237585464,'laddookazi@abc.com',6171234592,'17 W Squantum St, Quincy, MA 02171'),
(10001027,'Sharon','Poole',758654358,'sharonpoole@abc.com',6171234593,'3 Hope Ave, Quincy, MA 02171'),
(10001028,'Bruce','Quintana',973809009,'brucequintana@abc.com',6171234594,'15 Riverside Ave, Quincy, MA 02171'),
(10001029,'Ruby','Shah',678300936,'rubyshah@abc.com',6171234595,'113 Museum St, Cambridge, MA 02138'),
(10001030,'Deandre','Hood',975564119,'deandrehood@abc.com',6171234596,'88 Hammond St, Cambridge, MA 02138'),
(10001031,'Blaze','Chavez',117872089,'blazechavez@abc.com',6171234597,'1 Newport Road, Cambridge, MA 02140'),
(10001032,'Konnor','Wise',110172019,'konnorwise@abc.com',6171234598,'2 Newport Road, Cambridge, MA 02140'),
(10001033,'Emilio','Ellison',110172020,'emilioellison@abc.com',6171234599,'3 Newport Road, Cambridge, MA 02140 '),
(10001034,'Eliana','Nunez',837465902,'eliananunez@abc.com',6171234600,'98 Washington Ave, Cambridge, MA 02140 '),
(10001035,'Chastity','Waller',472946593,'chastitywaller@abc.com',6171234601,'879 Broadway, Somerville, MA 02144'),
(10001036,'Sophia','Torres',596110283,'sophiatorres@abc.com',6171234602,'878 Broadway, Somerville, MA 02144'),
(10001037,'Alex','Karev',286451826,'alexkarev@abc.com',6171234603,'788 Broadway, Somerville, MA 02144 '),
(10001038,'Derek','Shepherd',482947402,'derekshepherd@abc.com',6171234604,'18 Wallace St, Somerville, MA 02144'),
(10001039,'Kaylie','Wilson',472552340,'kayliewilson@abc.com',6171234605,'20 Wallace St, Somerville, MA 02144'),
(10001040,'Chandra','Wilson',678982001,'chandrawilson@abc.com',6171234606,'15 South Point Dr, apt 304, Boston MA, 02125');




INSERT INTO ACCOUNTS VALUES
(1234567890,'Checking','Acharya, Avipsa',2,121890.12),
 (1234567891,'Checking','Kazi, Amira',1,121789.32),
 (1234567892,'Checking','Nashine, Ankit',1,121871.11),
 (1234567893,'Checking','Thangavel, Sindiya',2,121830.98),
 (1234567894,'Checking','Albano, Salvatore',3,100000),
 (1234567895,'Checking','Reding, Jamie',1,32000),
 (1234567896,'Checking','Seely, Scott',1,49000),
 (1234567897,'Checking','Pike, Jeff',1,67982),
 (1234567898,'Checking','Lew, Judy',3,10000),
 (1234567899,'Savings','Diaz, Brenda',1,12394),
 (1234567900,'Savings','Sutton, Bradd',2,3000),
 (1234567901,'Savings','Hill, Annette',2,76987),
 (1234567902,'Savings','Ihrig, Ryan',1,29020),
 (1234567903,'Savings','Li, Yan',1,2000),
 (1234567904,'Savings','Villatoro, Jim',1,87920),
 (1234567905,'Savings','Stark, Sansa',1,3200),
 (1234567906,'Savings','Stark, Arya',3,669820),
 (1234567907,'Savings','Headey, Lena',1,83720),
 (1234567908,'Savings','Bean, Sean',2,22083),
 (1234567909,'CD','Mercier, Lavonia',1,62789),
 (1234567910,'CD','Uddin, Mohammad',1,56789),
 (1234567911,'CD','Jay, Julie',1,32098),
 (1234567912,'CD','Curtin, Kathrin',1,10987),
 (1234567913,'CD','Raichand, Rahul',1,9456),
 (1234567914,'CD','Sharma, Anjali',1,6789),
 (1234567915,'CD','Kazi, Laddoo',2,96789),
 (1234567916,'CD','Poole, Sharon',2,45678),
 (1234567917,'CD','Quintana, Bruce',1,70765),
 (1234567919,'CD','Shah, Ruby',1,45678),
 (1234567920,'Loan','Hood, Deandre',1,34568),
 (1234567921,'Loan','Chavez, Blaze',1,4567),
 (1234567922,'Loan','Wise, Konnor',2,23456),
 (1234567923,'Loan','Ellison, Emilio',1,7890),
 (1234567924,'Loan','Nunez, Eliana',1,98765),
 (1234567925,'Loan','Waller, Chastity',1,236970),
 (1234567926,'Loan','Torres, Sophia',1,345678),
 (1234567927,'Loan','Karev, Alex',1,9876),
 (1234567928,'Loan','Shepherd, Derek',1,110056),
 (1234567929,'Loan','Wilson, Kaylie',1,57897),
 (1234567930,'Checking','Wilson, Chandra',2,123900);


INSERT INTO CD VALUES
(1234567909,'01-11-2020',1,0.75),
 (1234567910,'01-11-2020',1,0.75),
 (1234567911,'02-11-2020',1,0.50),
 (1234567912,'03-11-2020',0.67,0.40),
 (1234567913,'03-11-2020',0.5,0.15),
 (1234567914,'04-11-2020',0.67,0.15),
 (1234567915,'04-11-2020',1,0.75),
 (1234567916,'04-11-2020',2,0.50),
 (1234567917,'08-11-2020',0.5,0.75),
 (1234567919,'10-11-2020',0.5,0.85);
 

INSERT INTO CHECKING VALUES
(1234567890,1.00,'01-11-2020',100000),
(1234567891,1.00,'01-11-2020',100000),
(1234567892,1.00,'01-11-2020',100000),
(1234567893,1.00,'04-11-2020',100000),
(1234567894,1.00,'04-11-2020',90000),
(1234567895,1.00,'05-11-2020',25000),
(1234567896,1.00,'06-11-2020',25000),
(1234567897,1.00,'06-11-2020',45000),
(1234567898,1.00,'08-11-2020',5000),
(1234567930,1.00,'10-11-2020',100000);


INSERT INTO DAILY_BALANCE VALUES
(1234567890,'19-11-2020',121768.23),
 (1234567891,'19-11-2020',121667.53),
 (1234567892,'19-11-2020',121749.24),
 (1234567893,'19-11-2020',121709),
 (1234567894,'19-11-2020',99940),
 (1234567895,'19-11-2020',31981),
 (1234567896,'19-11-2020',48971),
 (1234567897,'19-11-2020',67941),
 (1234567898,'19-11-2020',9994),
 (1234567930,'19-11-2020',123777),
 (1234567899,'19-11-2020',12418),
 (1234567900,'19-11-2020',3005),
 (1234567901,'19-11-2020',77602),
 (1234567902,'19-11-2020',29211),
 (1234567903,'19-11-2020',2003),
 (1234567904,'19-11-2020',88623),
 (1234567905,'19-11-2020',3205),
 (1234567906,'19-11-2020',625178),
 (1234567907,'19-11-2020',84389),
 (1234567908,'19-11-2020',22228);




INSERT INTO LOAN VALUES

(1234567920,'Personal Loan',40000,2.67,800,7.83,20000,800,'30-11-2020',800,2023,'Good'),
 (1234567921,'Personal Loan',10000,1.67,500,6.49,5000,500,'30-11-2020',500,2022,'Good'),
 (1234567922,'Student Loan',32000,1,700,3.58,16000,700,'30-11-2020',700,2025,'Average'),
 (1234567923,'Small Business Loan',10000,0.5,700,2.33,5000,700,'24-11-2020',700,2023,'Average'),
 (1234567924,'Home Equity Loan',100000,3.33,8000,9.53,50000,9000,'25-11-2020',8000,2024,'Good'),
 (1234567925,'Home Loan',270000,6,8000,10.73,135000,10000,'12-11-2020',8000,2026,'Average'),
 (1234567926,'Home Loan',350000,6.67,1400,9.00,175000,1500,'14-11-2020',1400,2027,'Bad'),
 (1234567927,'Auto Loan',12000,4.58,150,5.45,6000,150,'30-11-2020',150,2025,'Average'),
 (1234567928,'Business Loan',115000,2,1000,6.33,57500,1000,'30-11-2020',1000,2025,'Average'),
 (1234567929,'Personal Loan',60000,4.5,800,7.99,30000,800,'30-11-2020',800,2025,'Average');


INSERT INTO SAVINGS VALUES
(1234567899,2.00,'01-11-2020',10000),
 (1234567900,2.00,'01-11-2020',1500),
 (1234567901,2.00,'01-11-2020',55000),
 (1234567902,2.00,'01-11-2020',20000),
 (1234567903,2.00,'01-11-2020',1000),
 (1234567904,2.00,'01-11-2020',75000),
 (1234567905,2.00,'01-11-2020',1500),
 (1234567906,2.00,'01-11-2020',300000),
 (1234567907,2.00,'01-11-2020',75000),
 (1234567908,2.00,'01-11-2020',20000);




INSERT INTO JOINT_ACCOUNTS VALUES
(10001001,1234567890),
 (10001039,1234567890),
 (10001002,1234567891),
 (10001003,1234567892),
 (10001004,1234567893),
 (10001038,1234567893),
 (10001005,1234567894),
 (10001037,1234567894),
 (10001036,1234567894),
 (10001006,1234567895),
 (10001007,1234567896),
 (10001008,1234567897),
 (10001009,1234567898),
 (10001035,1234567898),
 (10001034,1234567898),
 (10001010,1234567899),
 (10001011,1234567900),
 (10001033,1234567900),
 (10001012,1234567901),
 (10001031,1234567901),
 (10001013,1234567902),
 (10001014,1234567903),
 (10001015,1234567904),
 (10001016,1234567905),
 (10001017,1234567906),
 (10001030,1234567906),
 (10001029,1234567906),
 (10001018,1234567907),
 (10001019,1234567908),
 (10001028,1234567908),
 (10001020,1234567909),
 (10001021,1234567910),
 (10001022,1234567911),
 (10001023,1234567912),
 (10001024,1234567913),
 (10001025,1234567914),
 (10001026,1234567915),
 (10001025,1234567915),
 (10001027,1234567916),
 (10001024,1234567916),
 (10001028,1234567917),
 (10001029,1234567919),
 (10001030,1234567920),
 (10001031,1234567921),
 (10001032,1234567922),
 (10001023,1234567922),
 (10001033,1234567923),
 (10001034,1234567924),
 (10001035,1234567925),
 (10001036,1234567926),
 (10001037,1234567927),
 (10001038,1234567928),
 (10001039,1234567929),
 (10001040,1234567930),
 (10001022,1234567930);


INSERT INTO MESSAGE_TABLE VALUES
(12001,10001006,'Dear Mr. Reding, your business with us is appreciated….'),
 (12002,10001008,'Dear Mr. Pike, your business with us is appreciated….'),
 (12003,10001008,'Mr. Pike, Your issue has been resolved. Let us know how we did with the survey below.'),
 (12004,10001015,'Dear Mr. Villatoro, Thank you for being a valued customer with us. Did you know with your savings account you can now….'),
 (12005,10001035,'Dear Ms. Waller, your case ID is N45HJk182… '),
 (12006,10001020,'Dear Mr. Mercier, your business with us is appreciated….'),
 (12007,10001023,'Dear Mr. Curtin, Did you know now there is more things you can do with your CD account…'),
 (12008,10001026,'Dear Ms. Kazi, Did you know now there is more things you can do with your CD account…'),
 (12009,10001028,'Dear Mr. Quintana, Did you know now there is more things you can do with your CD account…'),
 (12010,10001026,'Dear Ms. Kazi, Your account has been locked for multiple failed entries. If this was not you please call our hotline at….'),
 (12011,10001034,'Dear Ms. Nunez, be ahead of your loan payments by setting up auto pay...'),
 (12012,10001035,'Dear Ms. Waller, Your issue has been resolved. Let us know how we did with the survey below.'),
 (12013,10001036,'Dear Ms. Torres, Valued Customer, be ahead of your loan payments by setting up auto pay...'),
 (12014,10001039,'Dear Ms. Wilson, Your issue has been resolved. Let us know how we did with the survey below.'),
 (12015,10001011,'Mr. Sutton, Your debit card is about to expire, please fill out form to order new one ahead of time…');



INSERT INTO RATE_TABLE VALUES
('Checking',1.00),
('Savings',2.00);



INSERT INTO TRANSACTION_TABLE VALUES
(11001,'11-1-20 9:00 AM','Payment '),
 (11002,'11-1-20 9:01 AM','Payment '),
 (11003,'11-1-20 9:12 AM','Payment '),
 (11004,'11-1-20 10:54 AM','Payment '),
 (11005,'11-1-20 10:57 AM','Payment '),
 (11006,'11-1-20 10:59 AM','Payment '),
 (11007,'11-2-20 11:11 AM','Deposit '),
 (11008,'11-2-20 10:50 PM','Payment '),
 (11009,'11-2-20 11:03 PM','Payment '),
 (11010,'11-3-20 8:19 AM','Payment '),
 (11011,'11-3-20 9:22 AM','Payment '),
 (11012,'11-4-20 12:00 AM','Payment '),
 (11013,'11-4-20 11:28 AM','Payment '),
 (11014,'11-4-20 5:07 AM','Payment '),
 (11015,'11-4-20 6:13 PM','Payment '),
 (11016,'11-4-20 8:15 PM','Payment '),
 (11017,'11-4-20 11:57 PM','Payment '),
 (11018,'11-5-20 7:09 AM','Withdrawal'),
 (11019,'11-5-20 8:10 AM','Payment '),
 (11020,'11-5-20 8:13 AM','Payment '),
 (11021,'11-5-20 8:15 AM','Payment '),
 (11022,'11-6-20 9:18 PM','Payment '),
 (11023,'11-7-20 6:27 PM','Payment '),
 (11024,'11-8-20 5:52 AM','Payment '),
 (11025,'11-8-20 9:12 AM','Payment '),
 (11026,'11-8-20 12:15 PM','Payment '),
 (11027,'11-9-20 7:17 AM','Payment '),
 (11028,'11-10-20 6:13 AM','Payment '),
 (11029,'11-10-20 8:10 AM','Payment '),
 (11030,'11-10-20 6:10 PM','Payment '),
 (11031,'11-12-20 7:21 AM','Payment '),
 (11032,'11-12-20 8:00 AM','Payment '),
 (11033,'11-12-20 9:00 AM','Payment '),
 (11034,'11-12-20 11:38 PM','Withdrawal'),
 (11035,'11-13-20 8:13 AM','Withdrawal'),
 (11036,'11-13-20 2:17 PM','Deposit'),
 (11037,'11-13-20 4:47 PM','Withdrawal'),
 (11038,'11-14-20 8:29 AM','Payment '),
 (11039,'11-14-20 1:17 PM','Withdrawal'),
 (11040,'11-15-20 9:43 AM','Withdrawal'),
 (11041,'11-15-20 10:17 AM','Withdrawal'),
 (11042,'11-15-20 12:22 PM','Withdrawal'),
 (11043,'11-15-20 5:44 PM','Withdrawal'),
 (11044,'11-16-20 4:33 AM','Withdrawal'),
 (11045,'11-16-20 5:27 PM','Deposit'),
 (11046,'11-16-20 7:14 PM','Deposit'),
 (11047,'11-16-20 10:46 PM','Deposit'),
 (11048,'11-19-20 11:11 AM','Deposit'),
 (11049,'11-19-20 2:17 PM','Deposit'),
 (11050,'11-19-20 5:27 PM','Deposit'),
 (11051,'11-19-20 7:14 PM','Deposit'),
 (11052,'11-19-20 10:46 PM','Deposit'),
 (11053,'11-19-20 10:47 PM','Payment ');





INSERT INTO DEPOSIT VALUES
(11007,1234567895,'11-2-20 11:11 AM','Checking',1000,'Check'),
(11036,1234567898,'11-13-20 2:17 PM','Checking',75,'Wire Transfer'),
(11045,1234567903,'11-16-20 5:27 PM','Savings',100,'Cash'),
(11046,1234567905,'11-16-20 7:14 PM','Savings',17000,'Check'),
(11047,1234567894,'11-16-20 10:46 PM','Checking',190,'Cash'),
(11048,1234567893,'11-19-20 11:11 AM','Checking',100,'Cash'),
(11049,1234567895,'11-19-20 2:17 PM','Checking',200,'Wire Transfer'),
(11050,1234567898,'11-19-20 5:27 PM','Checking',750,'Cash'),
(11051,1234567901,'11-19-20 7:14 PM','Savings',1000,'Check'),
(11052,1234567903,'11-19-20 10:46 PM','Savings',2000,'Cash');





INSERT INTO WITHDRAWAL VALUES
(11018,1234567892,'05-11-2020 07:09','Checking','Ankit Nashine',500),
 (11034,1234567891,'12-11-2020 23:38','Checking','Amira Kazi',1500),
 (11035,1234567893,'13-11-2020 08:13','Checking','Sindiya Thangavel',1000),
 (11037,1234567890,'13-11-2020 16:47','Checking','Avipsa Acharya',20),
 (11039,1234567906,'14-11-2020 13:17','Savings','Arya Stark',32000),
 (11040,1234567901,'15-11-2020 09:43','Savings','Annette Hill',2275),
 (11041,1234567903,'15-11-2020 10:17','Savings','Yan Li',150),
 (11042,1234567908,'15-11-2020 12:22','Savings','Sean Bean ',200),
 (11043,1234567896,'15-11-2020 17:44','Checking','Scott Seely',2700),
 (11044,1234567900,'16-11-2020 04:33','Savings','Bradd Sutton',1500);
 
 
 
 
 INSERT INTO PAYMENT VALUES
 (11001,1234567894,'11-1-20 9:00 AM','Account Holder','Bank','Checking','Auto Payment',1000),
(11002,1234567897,'11-1-20 9:01 AM','Account Holder','Bank','Checking','Auto Payment',680),
(11003,1234567911,'11-1-20 9:12 AM',NULL,'Bank','CD','Auto Payment',160),
(11004,1234567892,'11-1-20 10:54 AM','Account Holder','Bank','Checking','Auto Payment',1219),
(11005,1234567902,'11-1-20 10:57 AM','Bank','Account Holder','Savings','Auto Payment',580),
(11006,1234567913,'11-1-20 10:59 AM',NULL,'Bank','CD','Auto Payment',14),
(11009,1234567909,'11-2-20 11:03 PM',NULL,'Bank','CD','Auto Payment',470),
(11010,1234567916,'11-3-20 9:22 AM', NULL,'Bank','CD','Auto Payment',228),
(11011,1234567915,'11-4-20 12:00 AM', NULL,'Bank','CD','Auto Payment',725),
(11012,1234567898,'11-4-20 11:28 AM','Account Holder','Bank','Checking','Auto Payment',100),
(11013,1234567890,'11-4-20 5:07 AM','Account Holder','Bank','Checking','Auto Payment',1219),
(11014,1234567919,'11-4-20 6:13 PM', NULL,'Bank','CD','Auto Payment',388),
(11015,1234567903,'11-4-20 8:15 PM','Bank','Account Holder','Savings','Auto Payment',40),
(11016,1234567912,'11-4-20 10:50 PM', NULL,'Bank','CD','Auto Payment',43),
(11008,1234567923,'11-4-20 11:57 PM','Account Holder','Bank','Loan','Check',8000),
(11017,1234567917,'11-5-20 8:10 AM', NULL,'Bank','CD','Auto Payment',530),
(11019,1234567907,'11-5-20 8:13 AM','Bank','Account Holder','Savings','Auto Payment',1674),
(11020,1234567893,'11-5-20 8:13 AM', NULL,'Bank','Checking','Auto Payment',1218),
(11021,1234567901,'11-5-20 8:13 AM','Bank','Account Holder','Savings','Auto Payment',1540),
(11022,1234567891,'11-6-20 9:18 PM', NULL,'Bank','Checking','Auto Payment',1218),
(11023,1234567895,'11-7-20 6:27 PM','Account Holder','Bank','Checking','Auto Payment',320),
(11024,1234567896,'11-8-20 5:52 AM','Account Holder','Bank','Checking','Auto Payment',490),
(11025,1234567910,'11-8-20 9:12 AM', NULL,'Bank','CD','Auto Payment',425),
(11026,1234567899,'11-8-20 12:15 PM','Bank','Account Holder','Savings','Auto Payment',248),
(11027,1234567906,'11-9-20 7:17 AM','Bank','Account Holder','Savings','Auto Payment',13396),
(11028,1234567914,'11-10-20 6:13 AM', NULL,'Bank','CD','Auto Payment',10),
(11029,1234567904,'11-10-20 8:10 AM','Bank','Account Holder','Savings','Auto Payment',1758),
(11030,1234567930,'11-10-20 6:10 PM', NULL,'Bank','Checking','Auto Payment',1239),
(11031,1234567905,'11-12-20 7:21 AM','Bank','Account Holder','Savings','Auto Payment',64),
(11032,1234567900,'11-12-20 8:00 AM','Bank','Account Holder','Savings','Auto Payment',60),
(11033,1234567908,'11-12-20 9:00 AM','Bank','Account Holder','Savings','Auto Payment',442),
(11038,1234567922,'11-14-20 8:29 AM','Account Holder','Bank','Loan','Wire Transfer',1500),
(11053,1234567894,'11-19-20 10:47 AM','Account Holder','Amira Kazi','Checking','Wire Transfer',2000);


SELECT * FROM ACCOUNTS